//Rewrite to www
RewriteEngine On
RewriteBase /
RewriteCond %{HTTP_HOST} ^www\.(.*)$ [NC]
RewriteRule ^(.*)$ http://%1/$1 [R=301,L]

//301 Redirect Old File
Redirect 301 /wp/2018/06/07/unit-testing-and-test-driven-development-tdd/ /post/unit-testing-and-test-driven-development-tdd
Redirect 301 /wp/2018/04/08/css-the-confusing-bits-part-3-positioning/ /post/css-the-confusing-bits-part-3-positioning
Redirect 301 /wp/2018/03/17/dry-wordpress-theme-development/ /post/dry-wordpress-theme-development
Redirect 301 /wp/2018/02/03/recursive-functions/ /post/recursive-functions
Redirect 301 /wp/2018/01/07/how-git-works/ /post/how-git-works
Redirect 301 /wp/2017/12/08/css-the-confusing-bits-part-2-z-index/ /post/css-the-confusing-bits-part-2-z-index
Redirect 301 /wp/2017/11/23/what-i-wish-i-had-known-about-angular/ /post/what-i-wish-i-had-known-about-angular
Redirect 301 /wp/2017/11/01/multiple-word-javascript-searching/ /post/multiple-word-javascript-searching
Redirect 301 /wp/2017/10/20/project-web-scraper/ /post/project-web-scraper
Redirect 301 /wp/2017/09/20/css-the-confusing-bits-part-1-introduction/ /post/css-the-confusing-bits-part-1-introduction
Redirect 301 /wp/2017/07/23/passing-variables-between-javascript-and-php/ /post/passing-variables-between-javascript-and-php
Redirect 301 /wp/2017/07/02/passing-immutable-data-with-encrypted-tokens/ /post/passing-immutable-data-with-encrypted-tokens
Redirect 301 /wp/2017/06/26/javascript-vs-php-syntax-cheatsheet/ /post/javascript-vs-php-syntax-cheatsheet
Redirect 301 /wp/2017/06/11/caching-google-maps-geocoding-with-wordpress/ /post/caching-google-maps-geocoding-with-wordpress
Redirect 301 /wp/2017/05/30/mockup-scroller/ /post/mockup-scroller
Redirect 301 /wp/2017/05/29/demystifing-and-replicating-jquerys-ready/ /post/demystifing-and-replicating-jquerys-ready
Redirect 301 /wp/2017/05/21/you-dont-know-js-this-object-prototypes/ /post/you-dont-know-js-this-object-prototypes
Redirect 301 /wp/2017/05/18/passing-the-wordpress-theme-checker/ /post/passing-the-wordpress-theme-checker
Redirect 301 /wp/2017/05/08/actually-understanding-this-in-javascript/ /post/actually-understanding-this-in-javascript
Redirect 301 /wp/2017/04/30/dynamic-flexbox-gallery/ /post/dynamic-flexbox-gallery
Redirect 301 /wp/2017/04/24/essential-wordpress-plugins-for-every-site/ /post/essential-wordpress-plugins-for-every-site
Redirect 301 /wp/2017/04/15/you-dont-know-js-scope-and-closures/ /post/you-dont-know-js-scope-and-closures
Redirect 301 /wp/2017/04/08/dynamic-opengraph-tags-on-a-single-page/ /post/dynamic-opengraph-tags-on-a-single-page
Redirect 301 /wp/2017/03/31/building-a-color-naming-tool/ /post/building-a-color-naming-tool
Redirect 301 /wp/2017/03/22/the-elements-of-user-experience/ /post/the-elements-of-user-experience
Redirect 301 /wp/2016/07/14/game-of-life-simulator/ /post/game-of-life-simulator
Redirect 301 /wp/unit-testing-and-test-driven-development-tdd/ /post/unit-testing-and-test-driven-development-tdd
Redirect 301 /wp/css-the-confusing-bits-part-3-positioning/ /post/css-the-confusing-bits-part-3-positioning
Redirect 301 /wp/dry-wordpress-theme-development/ /post/dry-wordpress-theme-development
Redirect 301 /wp/recursive-functions/ /post/recursive-functions
Redirect 301 /wp/how-git-works/ /post/how-git-works
Redirect 301 /wp/css-the-confusing-bits-part-2-z-index/ /post/css-the-confusing-bits-part-2-z-index
Redirect 301 /wp/what-i-wish-i-had-known-about-angular/ /post/what-i-wish-i-had-known-about-angular
Redirect 301 /wp/multiple-word-javascript-searching/ /post/multiple-word-javascript-searching
Redirect 301 /wp/project-web-scraper/ /post/project-web-scraper
Redirect 301 /wp/css-the-confusing-bits-part-1-introduction/ /post/css-the-confusing-bits-part-1-introduction
Redirect 301 /wp/passing-variables-between-javascript-and-php/ /post/passing-variables-between-javascript-and-php
Redirect 301 /wp/passing-immutable-data-with-encrypted-tokens/ /post/passing-immutable-data-with-encrypted-tokens
Redirect 301 /wp/javascript-vs-php-syntax-cheatsheet/ /post/javascript-vs-php-syntax-cheatsheet
Redirect 301 /wp/caching-google-maps-geocoding-with-wordpress/ /post/caching-google-maps-geocoding-with-wordpress
Redirect 301 /wp/mockup-scroller/ /post/mockup-scroller
Redirect 301 /wp/demystifing-and-replicating-jquerys-ready/ /post/demystifing-and-replicating-jquerys-ready
Redirect 301 /wp/you-dont-know-js-this-object-prototypes/ /post/you-dont-know-js-this-object-prototypes
Redirect 301 /wp/passing-the-wordpress-theme-checker/ /post/passing-the-wordpress-theme-checker
Redirect 301 /wp/actually-understanding-this-in-javascript/ /post/actually-understanding-this-in-javascript
Redirect 301 /wp/dynamic-flexbox-gallery/ /post/dynamic-flexbox-gallery
Redirect 301 /wp/essential-wordpress-plugins-for-every-site/ /post/essential-wordpress-plugins-for-every-site
Redirect 301 /wp/you-dont-know-js-scope-and-closures/ /post/you-dont-know-js-scope-and-closures
Redirect 301 /wp/dynamic-opengraph-tags-on-a-single-page/ /post/dynamic-opengraph-tags-on-a-single-page
Redirect 301 /wp/building-a-color-naming-tool/ /post/building-a-color-naming-tool
Redirect 301 /wp/the-elements-of-user-experience/ /post/the-elements-of-user-experience
Redirect 301 /wp/game-of-life-simulator/ /post/game-of-life-simulator

//Prevent viewing of .htaccess file
<Files .htaccess>
order allow,deny
deny from all
</Files>

//Prevent directory listings
Options All -Indexes
 